tl_domain_id,domain_name
30,tmz.com
82,modernhiker.com
91,puckermob.com
2199,runningtothekitchen.com
2713,jspacenews.com
2780,realgm.com
3568,dailymail.co.uk
3626,chacha.com
3644,topix.com
4001,insidermonkey.com
4003,feastie.com
5382,rantsports.com
6234,seasonsandsuppers.ca
7060,thecrepesofwrath.com
10675,dailycaller.com
15401,oldtownhome.com
34932,thewanderlustkitchen.com
34937,wittyandpretty.com
35006,heatnation.com
35334,digg.com
35361,aplus.com
35512,yournextshoes.com
35630,thehollywoodgossip.com
35679,stuckonsweet.com
35692,mmaweekly.com
35710,msn.com
35718,ijreview.com
35720,usmagazine.com
35729,legacy.com
35756,laptopmag.com
35798,ibtimes.com
35823,stumbleupon.com
35846,usatoday.com
35848,businessinsider.com
35873,allrecipes.com
35880,thekrazycouponlady.com
35882,inquisitr.com
35902,indulgy.com
35949,nydailynews.com
36067,cinemablend.com
36078,theblaze.com
36123,mydotcomrade.com
36166,cafemom.com
36175,nytimes.com
36184,buzzlie.com
36212,pch.com
36256,vocativ.com
36282,dailymotion.com
36325,realitytea.com
36393,yummly.com
36394,hollywoodlife.com
36434,issuu.com
36460,stack.com
36462,suggest.com
36516,giverecipe.com
36619,monster.com
36628,mlive.com
36680,totalbeauty.com
36687,androidcentral.com
36713,pinger.com
36725,nj.com
36773,diply.com
36870,momtastic.com
36901,christianpost.com
36916,russianmachineneverbreaks.com
36917,avocadopesto.com
36953,mensfitness.com
36954,sportsmanias.com
36956,blenderbabes.com
37007,saturdaydownsouth.com
37020,townhall.com
37059,littlethings.com
37121,superherohype.com
37161,clarkscondensed.com
37219,cookeatpaleo.com
37231,sheknows.com
37269,bydawnnicole.com
37279,thecookierookie.com
37281,ebaumsworld.com
37287,neighborfoodblog.com
37294,thekitchenismyplayground.com
37305,artofmanliness.com
37306,mycolombianrecipes.com
37307,gossiponthis.com
37319,lifemadefull.com
37324,bunsinmyoven.com
37357,kotibeth.com
37371,culinaryhill.com
37374,thebiglead.com
37378,mmajunkie.com
37379,leelalicious.com
37380,boatingmag.com
37384,flyingmag.com
37402,sportfishingmag.com
37425,billingsgazette.com
37435,outdoorlife.com
37470,glutenfreeonashoestring.com
37498,wholenewmom.com
37500,cavaliersnation.com
37514,themagicalslowcooker.com
37522,growingslower.com
37562,justsomething.co
37576,savorynothings.com
37582,puttingmetogether.com
37584,tasteslovely.com
37662,madamenoire.com
37679,theviewfromgreatisland.com
37689,kevinandamanda.com
37739,nutmegnanny.com
37749,zimbio.com
37772,imore.com
37773,fieldandstream.com
37775,phonearena.com
37790,boredomtherapy.com
37800,wittyfeed.com
37834,reuters.com
37846,tigerdroppings.com
37866,bossip.com
37884,gocomics.com
37885,minq.com
37898,keeperofthehome.org
37900,instructables.com
37908,tomshardware.com
37935,tdn.com
38045,weatherbug.com
38055,howtogeek.com
38059,hiphopwired.com
38068,damndelicious.net
38095,lifeloveandsugar.com
38098,chocolatechocolateandmore.com
38185,azdailysun.com
38199,divascancook.com
38205,healthline.com
38273,totallythebomb.com
38295,nourishedkitchen.com
38332,oola.com
38339,politicalwire.com
38355,foxbusiness.com
38374,stltoday.com
38529,spendwithpennies.com
38551,lifeshouldcostless.com
38652,cookingwithcurls.com
38689,complex.com
38707,cosmopolitan.com
38822,gimmesomeoven.com
38841,familyfreshmeals.com
38843,justataste.com
38915,wrestlezone.com
38942,backtoherroots.com
39010,whattoexpect.com
39012,thehealthyfamilyandhome.com
39068,chef-in-training.com
39098,cookiesandcups.com
39104,vegkitchen.com
39158,thereciperebel.com
39162,thecakeblog.com
39189,rasamalaysia.com
39306,wellplated.com
39357,craveonline.com
39358,dinner-mom.com
39363,epicurious.com
39442,toptenreviews.com
39462,whatsupfagans.com
39471,life-in-the-lofthouse.com
39474,recipegirl.com
39492,recipetineats.com
39551,petalstopicots.com
39721,sweetcsdesigns.com
39751,livescience.com
39783,turnto23.com
39801,bgr.com
39838,lonny.com
39870,lifed.com
39883,trulia.com
39961,bhg.com
40020,foodnessgracious.com
40285,syracuse.com
40315,tvline.com
40385,bakingbites.com
40465,averiecooks.com
40514,gearculture.com
40539,homestoriesatoz.com
40540,simplyquinoa.com
40603,smartschoolhouse.com
40803,dailysuperheroes.com
40805,eatgood4life.com
40881,revolvy.com
40939,insidebrucrewlife.com
40971,thehealthyhomeeconomist.com
41010,iwashyoudry.com
41016,passionatepennypincher.com
41049,tidymom.net
41110,greenvalleykitchen.com
41120,trendingtoplists.com
41129,chelseasmessyapron.com
41141,cincyshopper.com
41158,thegunnysack.com
41160,awfulannouncing.com
41166,copykat.com
41173,lilluna.com
41181,fifteenspatulas.com
41235,pressurecookingtoday.com
41301,the-girl-who-ate-everything.com
41308,livelaughrowe.com
41360,melskitchencafe.com
41372,iowagirleats.com
41453,secrant.com
41524,reluctantentertainer.com
41573,thefashionspot.com
41584,plainchicken.com
41726,shugarysweets.com
41727,texanerin.com
41838,itallstartedwithpaint.com
41852,closetcooking.com
41930,southernbite.com
42034,happyhealthymama.com
42099,therecipecritic.com
42129,pressherald.com
42140,comingsoon.net
42229,reviewjournal.com
42236,instylefood.com
42241,goodmenproject.com
42316,unmotivating.com
42348,willcookforsmiles.com
42400,pennlive.com
42401,lehighvalleylive.com
42552,cheatsheet.com
42641,topwithcinnamon.com
42746,themovienetwork.com
42763,123homeschool4me.com
42768,themilitarywifeandmom.com
42776,pullingcurls.com
42792,recipesfoodandcooking.com
42794,butterwithasideofbread.com
42800,mybakingaddiction.com
42802,livelikeyouarerich.com
42805,herecomesthesunblog.net
42807,thyroidnation.com
42808,familysavvy.com
42816,dizzybusyandhungry.com
42825,overstuffedlife.com
42828,nap-timecreations.com
42835,foxeslovelemons.com
42839,wonkywonderful.com
42841,stephiecooks.com
42855,theroastedroot.net
42857,mamalovesfood.com
42859,thebestblogrecipes.com
42865,foxvalleyfoodie.com
42869,goodlifeeats.com
42882,faithfilledfoodformoms.com
42885,wakingtimes.com
42886,pintester.com
42887,mythirtyspot.com
42893,mantitlement.com
42899,hellowonderful.co
42930,thisgirlslifeblog.com
42939,mmatorch.com
42955,missuniverse.com
42991,thisisrnb.com
43130,momfabulous.com
43131,thebittersideofsweet.com
43138,lmld.org
43166,theboldabode.com
43225,newmediarockstars.com
43278,sneakhype.com
43301,rapidcityjournal.com
43533,marlameridith.com
43539,superfame.com
43630,theclemsoninsider.com
43658,carthrottle.com
43678,thedailymeal.com
43950,brainjet.com
43970,anightowlblog.com
43978,allnight.com
44020,viraltide.com
44022,kshb.com
45130,bismarcktribune.com
46082,tablefortwoblog.com
46101,dailydot.com
46159,shefinds.com
46170,lifedaily.com
46173,madison.com
46238,reciperunner.com
46264,heathersfrenchpress.com
46474,thelittlekitchen.net
49060,journalstar.com
49288,elephantjournal.com
49380,thenovicechefblog.com
49496,bakingamoment.com
49518,makingthymeforhealth.com
49527,weedemandreap.com
49622,chicagotribune.com
49672,space.com
50703,craftsbyamanda.com
50723,qklnk.co
50742,tomsguide.com
50772,gpuboss.com
50801,trib.com
50812,thesportsdrop.com
50869,anandtech.com
50879,journaltimes.com
50887,brainyquote.com
50896,qctimes.com
50920,lacrossetribune.com
50928,stylebistro.com
50953,hypun.com
50979,post-gazette.com
51078,livingly.com
51087,littlebudha.com
51297,wonderhowto.com
51360,clipd.com
51405,snapsort.com
51433,windowscentral.com
51519,heavy.com
51620,globegazette.com
51631,fremonttribune.com
51637,comicbook.com
51639,tvfanatic.com
51648,newsweek.com
51655,nwitimes.com
51741,afterellen.com
51749,jaysbakingmecrazy.com
51754,businessnewsdaily.com
51757,sbisoccer.com
51769,odometer.com
51796,jocooks.com
51849,autooverload.com
51966,womanista.com
52017,shareably.net
52190,phonandroid.com
52471,lovefoodies.com
52671,juliasalbum.com
52692,steamykitchen.com
52793,jellyshare.com
52889,crackberry.com
52912,jg-tc.com
53050,helenair.com
53075,thewoksoflife.com
53233,happymoneysaver.com
53261,lavozdaily.com
53970,wdrb.com
54018,animatedknots.com
54024,allshecooks.com
54128,kalynskitchen.com
54226,thegraciouswife.com
54246,playstationlifestyle.net
54845,wcpo.com
55308,tucson.com
55620,lowcarbyum.com
55863,abc15.com
55932,kjrh.com
55991,stylecaster.com
55999,keyc.com
56311,cafedelites.com
56339,momsneedtoknow.com
56702,beyondfrosting.com
56738,dogtime.com
56899,pipandebby.com
57035,foodfanatic.com
57454,eat-yourself-skinny.com
57508,plutobrat.com
57587,noshingwiththenolands.com
57624,thechunkychef.com
57711,democratherald.com
57856,hurrythefoodup.com
57969,techinsider.io
58098,loveandoliveoil.com
58202,errenskitchen.com
58720,myforecast.com
58808,lanascooking.com
58913,ktvn.com
58937,thriftydiydiva.com
59882,chocolateandzucchini.com
60937,anitalianinmykitchen.com
61220,hypable.com
61616,melaniemakes.com
61786,homemadehooplah.com
61932,africanbites.com
61995,tvsmacktalk.com
61997,angsarap.net
62046,bakeplaysmile.com
62130,vanillaandbean.com
62301,thecongressing.com
62638,deliciouslysprinkled.com
62845,jennifermeyering.com
63006,creationsbykara.com
63632,sugarspunrun.com
63762,glutenfreebaking.com
64469,thefoodieaffair.com
66801,cottageatthecrossroads.com
66803,mariaushakova.com
67448,sugarandsoul.co
70193,michaelbaisdennow.com
88592,xonecole.com
94913,livingthenourishedlife.com
101254,thecomeback.com
102289,mujerdaily.com
252974,hiphopdx.com
465114,Nationalrail.co.uk
465291,science-sparks.com
482130,sugarspiceandglitter.com
517518,bible.org
522831,getslidejoy.com
545707,bitethebuzz.com
1341751,metro.co.uk
1342133,pinknews.co.uk
1345195,hellou.co.uk
1348710,mnhockeyhub.com
1350025,lifestylogy.com
1352106,dadcooksdinner.com
1352114,thecountrycaller.com
1352151,wsiltv.com
1352153,tristateupdate.com
1352156,wearewvproud.com
1362963,gumtree.com
1385322,aprettylifeinthesuburbs.com
1621052,agardenforthehouse.com
1621628,abcnews.go.com
1622374,ampproject.org
1622559,cpuboss.com
1622563,sharedable.com
1624537,helloglow.co
1627815,prepperology.net
1629526,thisgrandmaisfun.com
1629570,lifehacks.io
1629571,numstheword.com
1784039,historicaltopic.com
1784109,historicaltimes.com
1784110,buzzamin.com
1784111,positivedaily.com
1787074,lifestylepassion.com
1789275,shortlist.com
1789466,expansion.mx
1789622,brendid.com
1789626,noshtastic.com
1789628,kleinworthco.com
1789631,beautyandthefoodie.com
1789650,createbakemake.com
1789653,abeautifulplate.com
1789654,lowcarbmaven.com
1789655,sugarhero.com
1789689,joyfilledeats.com
1790956,ijr.com
1791179,thisweekfordinner.com
1791261,veggieinspiredjourney.com
1791267,nourishinglittlesouls.com
1791268,lifeloveandgoodfood.com
1791280,thecraftpatchblog.com
1791284,cknscratch.com
1791289,throughherlookingglass.com
1791291,asouthernfairytale.com
1791350,hungrygirlporvida.com
1791353,thecrunchychronicles.com
1791381,tasteandsee.com
1791389,goodmorningcali.com
1791392,thebusybaker.ca
1791397,allnaturalideas.com
1791403,yummymummykitchen.com
1791407,faithfullyglutenfree.com
1791408,bbritnell.com
1791409,fearlessdining.com
1791413,simplerootswellness.com
1791419,makeanddocrew.com
1791423,mymundaneandmiraculouslife.com
1791446,gastrosenses.com
1791452,shineyourlightblog.com
